,date,time,latitude,longitude,material_at_origin,land_use_at_origin,size,suppressed_by,suppressing_agency,facility_identification,other_companies,voltage_volts_,equipment_involved_with_ignition,type,was_there_an_outage,date_1,time_1,suspected_ignition_cause,equipment_facility_failure,contact_from_object,facility_contacted,contributing_factor,facility_identification_circuit,suspected_initiating_event,unnamed_23
0,2018-02-08,10:07.00,33.2071,-117.2072,Vegetation,Rural,Less Than .25 Acres,Fire Agency,North County Fire,P213833 ,,12kV,Conductor,Overhead,Yes,2018-02-08,10:07:00,Contact From Object,,Vegetation,Electric Facility,Human Error,,,
1,2018-02-16,16:50.00,32.627596000000004,-116.940852,Vegetation,Urban,Less Than .25 Acres,Utility,,C-594,,12kV,Conductor,Overhead,Yes,2018-02-16,14:02:00,Contact From Object,,Balloons,Electric Facility,Outside Force,,,
2,2018-04-12,19:33.00,32.696509999999996,-117.04929399999999,Vegetation,Urban,Less Than .25 Acres,Fire Agency,SDFD,Z89883,,12kV,Conductor,Overhead,No,,,Contact From Object,,Balloons,Electric Facility,Other,,,
3,2018-04-16,14:24.00,33.4176,-117.6058,Vegetation,Urban,Less Than .25 Acres,Fire Agency,OCFA,P121389,,12kV,Conductor,Overhead,No,,,Contact From Object,,Vegetation,Electric Facility,Weather,,,
4,2018-04-18,15:25.00,33.241,-117.34700000000001,Vegetation,Rural,Less Than .25 Acres,Fire Agency,CPFD,Z223638,,230kV,Conductor,Overhead,No,,,Contact From Object,,Animal,Electric Facility,Other,,,
5,2018-04-22,14:00.00,32.836999999999996,-117.184,Vegetation,Urban,Less Than .25 Acres,Fire Agency,SDFD,P729991 Cir. 275,,12kV,Conductor,Overhead,Yes,2018-04-22,14:00:00,Contact From Object,,Balloons,Electric Facility,None,,,
6,2018-05-01,21:29.00,32.684752,-117.101169,Vegetation,Urban,Less Than .25 Acres,Fire Agency,National City,Z730733,,69kV,Conductor,Overhead,No,,,Contact From Object,,Vehicle,Electric Facility,Outside Force,,,
7,2018-05-22,14:23.00,33.361999999999995,-117.03200000000001,Vegetation,Rural,10 - 99 Acres,Fire Agency,CALFIRE,P214790 Cir.217,,12kV,Conductor,Overhead,Yes,2018-05-22,14:02:00,Contact From Object,,Balloons,Electric Facility,Other,,,
8,2018-06-01,14:00.00,33.099000000000004,-117.044,Vegetation,Rural,Less Than .25 Acres,Utility,,P618454,,12kV,Conductor,Overhead,No,,,Wire-Wire Contact,,,,Other,,,
9,2018-06-12,09:00.00,32.705999999999996,-116.396,Vegetation,Rural,Less Than .25 Acres,Fire Agency,CAL FIRE,P44708 Cir. 458,,12kV,Conductor,Overhead,Yes,2018-06-12,09:00:00,Contact From Object,,Animal,Electric Facility,None,,,
10,2018-06-12,15:14.00,32.864000000000004,-116.74700000000001,Vegetation,Rural,Less Than .25 Acres,Fire Agency,Fire Agency,P871937 Cir. 357,,12kV,Conductor,Overhead,Yes,2018-06-12,14:38:00,Contact from Object,,Balloons,Electric Facility,None,,,
11,2018-06-22,09:46.00,32.567,-116.941,Vegetation,Rural,Less Than .25 Acres,Fire Agency,SDFD,Z100698  Cir. 535,,12kV,Switch,Overhead,Yes,2018-06-22,09:42:00,Switch,,,,Unknown,,,
12,2018-06-29,13:06.00,32.645,-117.056,Vegetation,Rural,Less Than .25 Acres,Fire Agency,Chula Vista,Z182447  Cir. 341,,12kV,Other,Overhead,Yes,2018-06-29,13:06:00,Equipment/Facility Failure,Guy/Span Wire,,,Unknown,,,
13,2018-07-06,10:26.00,32.620315000000005,-116.76493,Vegetation,Rural,10 - 99 Acres,Fire Agency,CalFire,"P177572, Station 157-825, C157",,12kV,Transformer,Overhead,No,,,Equipment/Facility Failure,Transformer,,,,,,
14,2018-07-08,16:16.00,32.634885,-117.10304199999999,Vegetation,Urban,Less Than .25 Acres,Fire Agency,Chula Vista,"P100601, C255",,12kV,Switch,Overhead,Yes,2018-07-08,16:16:00,Other,,Other,Electric Facility,Other,,,
15,2018-07-22,23:19.00,33.301,-116.351,Vegetation,Rural,.26 - 9.99 Acres,Fire Agency,Borrego Springs FD,374759 Cir 170,,12kV,Conductor,Overhead,Yes,2018-07-22,23:19:00,Contact From Object,,Vegetation,Electric Facility,None,,,
16,2018-07-30,12:11.00,32.868068,-117.190226,Vegetation,Urban,.26 - 9.99 Acres,Fire Agency,SDFD&MCMIR,Z90115 Cir 968,,12kV,Conductor,Overhead,No,,,Contact From Object,,Balloons,Electric Facility,Other,,,
17,2018-08-09,12:00.00,33.213,-117.335,Vegetation,Urban,Less Than .25 Acres,Fire Agency,Oceanside FD,P226873 Cir 194,,12kV,Conductor,Overhead,No,,,Equipment/Facility Failure,Other,,,Other,,,
18,2018-08-19,18:35.00,32.7001804,-116.86386740000002,Vegetation,Rural,Less Than .25 Acres,Fire Agency,CAL FIRE,P254640 Cir 75,,12kV,Conductor,Overhead,Yes,2018-07-19,18:35:00,Contact From Object,,Balloons,Electric Facility,Other,,,
19,2018-09-14,10:00.00,33.317706,-117.222844,Vegetation,Rural,Less Than .25 Acres,Fire Agency,MVU & NCFPD,P213051 Cir 233,Telecom/cable,12kV,Conductor,Overhead,No,,,Contact Between Third Party Facility on Pole and Supply Lines,Other,Vehicle,Communication Facility,Human Error,,,
20,2018-09-14,15:02.00,32.789679,-117.080882,Vegetation,Urban,Less Than .25 Acres,Fire Agency,SDFD,P279980J Cir 702,,12kV,Other,Overhead,Yes,2018-09-14,15:48:00,Equipment/Facility Failure,,,,None,,,
21,2018-10-12,12:30.00,32.801907,-117.149376,Vegetation,Urban,Less Than .25 Acres,Utility,,Z96245,,69kV,Other,Overhead,No,,,Contact From Object,,Vehicle,,Human Error,,,
22,2018-10-12,10:00.00,33.301327,-116.912945,Vegetation,Rural,Less Than .25 Acres,Utility,,Z118027,,69kV,Conductor,Overhead,No,,,Contact from Object,,Vehicle,,Human Error,,,
23,2018-10-15,10:21.00,33.319099,-117.259671,Vegetation,Rural,Less Than .25 Acres,Customer,,P112366,,12kV,Conductor,Overhead,Yes,2018-10-15,12:02:00,Equipment/Facility Failure,,,,None,,,
24,2018-11-26,01:51.00,33.431391999999995,-117.59519499999999,Vegetation,Urban,.26 - 9.99 Acres,Fire Agency,OCFA,P25325,,12kV,Conductor,Overhead,Yes,2018-11-26,01:45:00,Contact From Object,,Balloons,Electric Facility,,,,
25,2018-12-02,11:25.00,33.28,-117.404,Vegetation,Rural,Less Than .25 Acres,Self Extinguished,,Z223659,,230kV,Conductor,Overhead,Yes,2018-12-02,11:25:00,Contact From Object,,Other,Electric Facility,None,,,
26,,,,,,,,,,,,,,,,,,,,,,,,,
27,,,,,,,,,,,,,,,,,,,,,,,,,
28,,,,,,,,,,,,,,,,,,,,,,,,,
29,,,,,,,,,,,,,,,,,,,,,,,,,
30,,,,,,,,,,,,,,,,,,,,,,,,,
31,,,,,,,,,,,,,,,,,,,,Other,,,,,
32,,,,,,,,,,,,,,,,,,,,Other,,,,,
33,,,,,,,,,,,,,,,,,,,,Other,,,,,
34,,,,,,,,,,,,,,,,,,,,Other,,,,,
35,,,,,,,,,,,,,,,,,,,,Other,,,,,
36,,,,,,,,,,,,,,,,,,,,Other,,,,,
37,,,,,,,,,,,,,,,,,,,,Other,,,,,
0,2019-01-16,16:55.00,33.421,-117.61,Vegetation,Urban,Less Than .25 Acres,Fire Agency,OCFA,P29955,,12 kV,Other,Overhead,No,,,Equipment/Facility Failure,Crossarm,,,Weather,,,
1,2019-04-15,14:05.00,32.7883007,-116.8896419,Vegetation,Rural,Less Than .25 Acres,Fire Agency,CalFire,P74970 and P74971,Telco,12 kV,Conductor,Overhead,Yes,2019-04-15,12:51:00,Wire-Wire Contact,,,,Outside Force,,,
2,2019-06-12,22:05.00,33.048427000000004,-116.85781499999999,Vegetation,Rural,Less Than .25 Acres,Fire Agency,CalFire,W100304,,12 kV,Switch,Padmounted,Yes,2019-06-12,22:17:00,Contact From Object,,Vehicle,Electric Facility,None,,,
3,2019-07-03,15:15.00,33.011264000000004,-116.84921999999999,Vegetation,Rural,Less Than .25 Acres,Fire Agency,Ramona ,P815903,Telco,120/208,Conductor,Overhead,No,,,Equipment/Facility Failure,Conductor,,,Unknown,,,
4,2019-07-05,12:32.00,33.1584479,-117.2220482,Vegetation,Urban,Less Than .25 Acres,Fire Agency,San Marcos,P415472,,12kV,Conductor,Overhead,Yes,2019-07-05,12:19:00,Contact From Object,,Vehicle,Pole,Human Error,,,
5,2019-07-12,13:52.00,33.126802000000005,-117.303471,Vegetation,Rural,Less Than .25 Acres,Fire Agency,Carlsbad,Z710094,,230 kV,Conductor,Overhead,Yes,2019-07-12,13:51:00,Contact From Object,,Balloons,Electric Facility,None,,,
6,2019-07-16,07:36.00,33.169659,-117.146073,Vegetation,Rural,Less Than .25 Acres,Fire Agency,San Marcos,P114649,,12kV,Conductor,Overhead,Yes,2019-07-16,07:53:00,Wire-Wire Contact,,,,Other,,,
7,2019-07-16,19:08.00,33.190444,-117.12123799999999,Vegetation,Rural,Less Than .25 Acres,Fire Agency,Deer Springs,P610712,Telco,12kV,Conductor,Overhead,Yes,2019-07-16,19:08:00,Contact Between Third Party Facility on Pole and Supply Lines,,Vegetation,Electric Facility,Other,,,
8,2019-08-05,14:14.00,32.788589,-117.123297,Vegetation,Urban,Less Than .25 Acres,Utility,,Z479779,,12 kV,Switch,Overhead,No,,,Equipment/Facility Failure,Other,,,None,,,
9,2019-08-30,17:50.00,33.245225,-117.37293999999999,Vegetation,Rural,Less Than .25 Acres,Fire Agency,Camp Pendleton,Z223445,,230kV,Other,Overhead,Yes,2019-08-30,17:50:00,Unknown,,,,Unknown,,,
10,2019-09-10,12:59.00,32.564,-117.03299999999999,Vegetation,Rural,.26 - 9.99 Acres,Fire Agency,San Diego,P194970,,12kV,Switch,Overhead,Yes,2019-09-10,12:55:00,Equipment/Facility Failure,Switch,,,None,,,
11,2019-09-11,14:17.00,33.226,-117.085,Vegetation,Rural,Less Than .25 Acres,Fire Agency,CalFire,P228412,,12kV,Lightning Arrestor,Overhead,Yes,2019-09-11,14:17:00,Contact From Object,,Animal,Electric Facility,None,,,
12,2019-09-13,11:27.00,32.787,-117.007,Vegetation,Rural,Less Than .25 Acres,Fire Agency,Heartland,P378838,,12kV,Other,Overhead,Yes,2019-09-13,11:27:00,Equipment/Facility Failure,Splice/Clamp/Connector,,,Unknown,,,
13,2019-09-30,02:59.00,33.261811,-116.37051000000001,Vegetation,Urban,Less Than .25 Acres,Fire Agency,Ramona ,P277947,,12kV,Other,Overhead,Yes,2019-09-30,02:59:00,Equipment/Facility Failure,Guy/Span Wire,,,Other,,,
14,2019-10-17,12:15.00,33.27361111,-116.39305559999998,Vegetation,Urban,Less Than .25 Acres,Utility,,P236651J,,120/240,Conductor,Overhead,No,,,Other,,,,Human Error,,,
15,2019-10-19,13:10.00,33.231681,-117.25932900000001,Vegetation,Rural,.26 - 9.99 Acres,Fire Agency,Oceanside,meter pole Station 901-1460,,240V,Conductor,Overhead,Yes,2019-10-19,13:10:00,Other,,Other,,Human Error,,,
16,2019-10-24,10:13.00,32.835712,-116.72516599999999,Vegetation,Rural,Less Than .25 Acres,Fire Agency,Alpine FD,P377113,Telco,12kV,Fuse,Overhead,Yes,2019-10-24,10:13:00,Equipment/Facility Failure,Fuse,,,None,,,
17,2019-10-25,03:26.00,33.120956,-117.15857,Vegetation,Urban,.26 - 9.99 Acres,Fire Agency,CalFire,P211697,Telco,12kV,Other,Overhead,Yes,2019-10-25,03:26:00,Equipment/Facility Failure,Other,,,Other,,,
18,2019-11-01,05:49.00,33.092424699999995,-117.0206295,Vegetation,Rural,Less Than .25 Acres,Fire Agency,Escondido FD,P15147,Telco,12kv,Conductor,Overhead,Yes,2019-11-01,05:48:00,Contact From Object,,Vehicle,Pole,None,,,
19,2019-11-04,15:30.00,33.228455,-116.75745800000001,Vegetation,Rural,Less Than .25 Acres,Utility,CalFire,P19533,,12kV,Conductor,Overhead,Yes,2019-11-04,15:30:00,Equipment/Facility Failure,Other,,,None,,,
20,2019-11-12,07:51.00,33.190276000000004,-117.369773,Other,Urban,Less Than .25 Acres,Fire Agency,Oceanside FD,P22213,Tele&Cbl,120/240,Conductor,Overhead,Yes,2019-11-12,07:51:00,Equipment/Facility Failure,Conductor,,,Unknown,,,
0,2021-02-28,14:00.00,33.437,-117.569,Vegetation,Rural,Less Than .25 Acres,Self Extinguished,,P227391,,12kv,Transformer,Overhead,Yes,2021-02-28,14:00:00,Contact From Object,,Animal,Electric Facility,Outside Force,,,
1,2021-03-22,08:00.00,33.243137,-117.35983,Vegetation,Rural,Less Than .25 Acres,Self Extinguished,,Z222386,,230kV,Conductor,Overhead,No,,,Contact From Object,Conductor,Balloons,,Other,,,
2,2021-03-25,10:00.00,32.971,-117.262,Vegetation,Urban,Less Than .25 Acres,Utility,,Z12304,,12kv,Transformer,Overhead,Yes,2021-03-25,10:00:00,Equipment/Facility Failure,Transformer,,,Unknown,,,
3,2021-04-30,13:55.00,33.017783,-116.86608400000001,Vegetation,Rural,Less Than .25 Acres,Fire Agency,Ramona CAL FIRE,P110643,,120v,Conductor,Overhead,No,,,Equipment/Facility Failure,Conductor,,,Unknown,,,
4,2021-05-07,13:10.00,33.338,-117.154,Vegetation,Rural,Less Than .25 Acres,Fire Agency,CAL FIRE/ NCFPD,,,12kv,Conductor,Overhead,Yes,2021-05-07,13:10:00,Unknown,,Other,Electric Facility,Outside Force,,,
5,2021-05-11,10:48.00,32.85,-116.936,Vegetation,Urban,Less Than .25 Acres,Fire Agency,Lakeside FD,,,12kv,Conductor,Overhead,Yes,2021-05-11,10:48:00,Contact From Object,,Balloons,Electric Facility,Outside Force,,,
6,2021-05-19,11:00.00,32.834,-117.1834,Vegetation,Urban,Less Than .25 Acres,Utility,,Z92509,,12kv,Conductor,Overhead,No,,,Wire-Wire Contact,,,,Human Error,,,
7,2021-05-24,13:40.00,32.742,-117.145,Vegetation,Urban,Less Than .25 Acres,Fire Agency,San Diego FD,P2107172488,,120v,Conductor,Overhead,Yes,2021-05-24,13:40:00,Contact From Object,,Vegetation,Electric Facility,None,,,
8,2021-06-13,12:00.00,33.026496,-116.858005,Vegetation,Rural,Less Than .25 Acres,Fire Agency,Ramona CAL FIRE,P107449,,12kv,Conductor,Overhead,Yes,2021-06-13,12:00:00,Contact From Object,,Balloons,Electric Facility,Other,,,
9,2021-06-16,14:27.00,33.3483319,-116.73244070000001,Vegetation,Rural,Less Than .25 Acres,Utility,,P239535,,12kv,Switch,Overhead,Yes,2021-06-16,14:27:00,Equipment/Facility Failure,Switch,,,Unknown,,,
10,2021-06-17,09:51.00,32.6037431,-116.61134960000001,Vegetation,Rural,Less Than .25 Acres,Utility,,P176917,,12kV,Conductor,Overhead,Yes,2021-06-17,09:52:00,Equipment/Facility Failure,Conductor,,,Unknown,,,
11,2021-06-18,10:51.00,33.146182,-117.047751,Other,Urban,Less Than .25 Acres,Fire Agency,Escondido,"Z314050, 456-23CW, C456",telco,12kV,Capacitor Bank,Overhead,Yes,2021-06-18,10:51:00,Equipment/Facility Failure,Capacitor Bank,,,None,,,
12,2021-07-01,07:42.00,33.280590000000004,-117.15741499999999,Vegetation,Rural,Less Than .25 Acres,Fire Agency,CAL FIRE/ NCFPD,P119250,,12kV,Conductor,Overhead,Yes,2021-07-01,07:42:00,Vandalism/Theft,Conductor,,,Outside Force,,,
13,2021-07-14,18;26,32.5038,-116.5553,Vegetation,Urban,Less Than .25 Acres,Self Extinguished,,372756J,,12kv,Other,Overhead,No,,,Equipment/Facility Failure,Conductor,,,Unknown,,,
14,2021-07-18,06:18.00,33.262,-117.429,Vegetation,Rural,Less Than .25 Acres,Self Extinguished,,Z21137,,12kv,Other,Overhead,No,,,Other,,,,Weather,,,
15,2021-07-24,15:19.00,32.705811600000004,-116.7315325,Vegetation,Rural,.26 - 9.99 Acres,Fire Agency,CAL FiRE/ USFS,P74739,,12kv,Other,Overhead,Yes,2021-07-24,15:19:00,Contact From Object,,Animal,Electric Facility,Outside Force,,,
16,2021-07-28,13:51.00,33.228189,-116.98295300000001,Vegetation,Rural,.26 - 9.99 Acres,Fire Agency,CAL FIRE,Z16445,,12kv,Conductor,Overhead,Yes,2021-07-28,13:51:00,Contact Between Third Party Facility on Pole and Supply Lines,,,,Human Error,,,
17,2021-07-29,18:31.00,33.099329,-117.06615900000001,Vegetation,Urban,Less Than .25 Acres,Fire Agency,Escondido,P511401,,240v,Conductor,Overhead,Yes,2021-07-29,18:31:00,Contact From Object,,Vegetation,Electric Facility,Outside Force,,,
18,2021-08-06,14:00.00,32.716,-116.814,Vegetation,Rural,Less Than .25 Acres,Fire Agency,CAL Fire,P278802,,240v,Conductor,Overhead,No,,,Equipment/Facility Failure,Splice/Clamp/Connector,,,Weather,,,
19,2021-08-07,11:00.00,32.824,-116.913,Vegetation,Rural,Less Than .25 Acres,Fire Agency,Lakeside FD,P73808,,12kv,Conductor,Overhead,Yes,2021-08-07,11:08:00,Contact From Object,,Balloons,Electric Facility,Outside Force,,,
20,2021-08-25,05:25.00,33.082718,-116.969755,Vegetation,Rural,Less Than .25 Acres,Fire Agency,San Diego FD,P11679,,12kv,Conductor,Overhead,Yes,2021-08-25,05:25:00,Equipment/Facility Failure,Splice/Clamp/Connector,,,Other,,,
21,2021-10-01,00:00.00,32.69233,-116.960475,Vegetation,Rural,.26 - 9.99 Acres,Fire Agency,FWS,Z971845,,230kV,Other,Overhead,Yes,2021-10-01,1903-04-16 00:00:00,Contact From Object,,Balloons,Electric Facility,Unknown,,,
22,2021-11-30,09:46.00,32.856134999999995,-116.960475,Vegetation,Urban,Less Than .25 Acres,Customer,,Z173078,,12kv,Switch,Overhead,Yes,2021-11-30,09:46:00,Contact From Object,,Animal,Electric Facility,Outside Force,,,
23,2021-12-03,12:20.00,32.568000000000005,-116.962,Vegetation,Urban,Less Than .25 Acres,Fire Agency,San Diego FD,P226534,,12kv,Switch,Overhead,Yes,2021-12-03,1902-11-13 12:20:00,Contact From Object,,Animal,Electric Facility,Outside Force,,,
24,2021-12-06,14:13.00,32.676206,-116.728645,Vegetation,Rural,Less Than .25 Acres,Fire Agency,CAL FIRE,P372261,,12kV,Other,Overhead,Yes,2021-12-06,14:13:00,Equipment/Facility Failure,Splice/Clamp/Connector,,,Unknown,,,
25,,,,,,,,,,,,,,,,,,,,,,,,,
26,,,,,,,,,,,,,,,,,,,,,,,,,
27,,,,,,,,,,,,,,,,,,,,,,,,,
28,,,,,,,,,,,,,,,,,,,,,,,,,
0,2020-01-29,19:00.00,33.41486,-117.581088,Vegetation,Rural,Less Than .25 Acres,Fire Agency,Camp Pendleton FD,Z100041,,230kV,Lightning Arrestor,Overhead,Yes,2020-01-29,19:00:00,Equipment/Facility Failure,Other,,,Weather,,,
1,2020-02-11,01:30.00,32.791006,-116.91940100000001,Vegetation,Urban,Less Than .25 Acres,Fire Agency,Heartland Fire,P477433J,telco,12kV,Conductor,Overhead,Yes,2020-02-11,01:13:00,Equipment/Facility Failure,Splice/Clamp/Connector,,,Outside Force,,,
2,2020-02-26,00:17.00,32.914,-116.64,Vegetation,Rural,Less Than .25 Acres,Fire Agency,Cal Fire,P972695,,12kV,Lightning Arrestor,Overhead,Yes,2020-02-26,00:17:00,Equipment/Facility Failure,Lightning Arrestor,,,Unknown,,,
3,2020-05-17,08:52.00,33.23734,-117.030142,Vegetation,Rural,Less Than .25 Acres,Fire Agency,CAL FIRE,P515883,,12kV,Conductor,Overhead,Yes,2020-05-17,08:52:00,Contact From Object,Conductor,Balloons,,Other,,,
4,2020-05-31,02:01.00,32.543015999999994,-117.02771299999999,Vegetation,Urban,Less Than .25 Acres,Fire Agency,Chula Vista,P83770,,12kV,Conductor,Overhead,Yes,2020-05-31,01:42:00,Contact From Object,,Balloons,Electric Facility,Outside Force,,,
5,2020-06-02,18:00.00,33.07,-116.863,Vegetation,Rural,Less Than .25 Acres,Fire Agency,Cal Fire,P111476,,12kv,Conductor,Overhead,Yes,2020-06-02,18:00:00,Contact From Object,,Vehicle,Pole,Human Error,,,
6,2020-06-03,11:17.00,33.1234,-117.025,Vegetation,Rural,Less Than .25 Acres,Fire Agency,Escondido,P714414,,12kv,Transformer,Overhead,Yes,2020-06-03,11:17:00,Contact From Object,,Animal,Electric Facility,None,,,
7,2020-06-26,05:50.00,33.353398999999996,-117.51683600000001,Vegetation,Rural,Less Than .25 Acres,Fire Agency,Camp Pendleton FD,Z222452,,230kV,Conductor,Overhead,Yes,2020-06-26,05:50:00,Unknown,,,,Unknown,,,
8,2020-07-05,14:08.00,33.08719,-116.985551,Vegetation,Rural,.26 - 9.99 Acres,Fire Agency,"SDFR, Cal Fire",P14263,telco,12kV,Lightning Arrestor,Overhead,Yes,2020-07-05,20:55:00,Equipment/Facility Failure,Lightning Arrestor,,,Unknown,,,
9,2020-07-17,16:30.00,33.090351,-116.579773,Vegetation,Rural,Less Than .25 Acres,Customer,,P115116Â  ,telco,12kV,Transformer,Overhead,Yes,2020-07-17,,Contact From Object,,Animal,Electric Facility,None,,,
10,2020-07-26,13:44.00,32.819041,-116.956149,Vegetation,Urban,Less Than .25 Acres,Customer,,P101639,,12kV,Fuse,Overhead,Yes,2020-07-26,13:44:00,Equipment/Facility Failure,Fuse,,,Unknown,,,
11,2020-07-29,17:14.00,32.736999999999995,-116.875,Vegetation,Rural,Less Than .25 Acres,Fire Agency,CAL FIRE,P678395,,12kV,Conductor,Overhead,Yes,2020-07-29,17:12:00,Equipment/Facility Failure,Splice/Clamp/Connector,,,Unknown,,,
12,2020-08-01,11:11.00,32.631,-116.17399999999999,Vegetation,Rural,.26 - 9.99 Acres,Fire Agency,CAL FIRE,P45248,,12kV,Other,Overhead,Yes,2020-08-01,11:10:00,Equipment/Facility Failure,Other,,,Unknown,,,
13,2020-08-18,13:16.00,32.624809,-117.09603100000001,Vegetation,Urban,Less Than .25 Acres,Fire Agency,Chula Vista,P192585,,12kV,Switch,Overhead,Yes,2020-08-18,13:29:00,Equipment/Facility Failure,Switch,,,Unknown,,,
14,2020-08-22,13:38.00,33.074416,-116.57733999999999,Vegetation,Rural,Less Than .25 Acres,Fire Agency,CAL FIRE,P31591,,Secondary,Conductor,Overhead,Yes,2020-08-22,13:38:00,Equipment/Facility Failure,Conductor,,,Unknown,,,
15,2020-08-31,14:05.00,33.109,-117.005544,Vegetation,Rural,.26 - 9.99 Acres,Fire Agency,Escondido,P310132,,12kV,Conductor,Overhead,Yes,2020-08-31,14:05:00,Contact From Object,Conductor,Vehicle,Pole,Other,,,
16,2020-09-02,19:30.00,33.361999999999995,-117.13600000000001,Vegetation,Rural,Less Than .25 Acres,Utility,,P215301,,12kV,Conductor,Overhead,Yes,2020-09-02,19:30:00,Equipment/Facility Failure,Splice/Clamp/Connector,,,None,,,
17,2020-09-04,20:30.00,33.065821,-116.85921699999999,Vegetation,Rural,Less Than .25 Acres,Fire Agency,CAL FIRE,P216155,telco,12kV,Conductor,Overhead,Yes,2020-09-04,20:30:00,Contact From Object,,Vehicle,Pole,Other,,,
18,2020-09-05,14:30.00,32.793,-116.96700000000001,Vegetation,Urban,Less Than .25 Acres,Fire Agency,Heartland Fire,P194421,,120v,Conductor,Overhead,Yes,2020-09-05,14:30:00,Contact From Object,,Vegetation,Electric Facility,Outside Force,,,
19,2020-09-06,23:00.00,33.096484000000004,-117.02370400000001,Vegetation,Urban,Less Than .25 Acres,Fire Agency,NCFPD,P319486,,12kV,Transformer,Overhead,Yes,2020-09-06,23:00:00,Equipment/Facility Failure,Transformer,,,None,,,
20,2020-09-12,05:30.00,33.105554999999995,-117.00022,Vegetation,Rural,Less Than .25 Acres,Self Extinguished,,P614833,,12kv,Lightning Arrestor,Overhead,Yes,2020-09-12,05:30:00,Equipment/Facility Failure,Lightning Arrestor,,,None,,,
21,2020-09-12,07:00.00,33.0872,-116.9856,Vegetation,Rural,.26 - 9.99 Acres,Fire Agency,CAL FIRE,P14263,,12kV,Capacitor Bank,Overhead,Yes,2020-09-12,07:00:00,Equipment/Facility Failure,Capacitor Bank,,,None,,,
22,2020-09-17,10:00.00,33.110132,-117.26933100000001,Vegetation,Urban,Less Than .25 Acres,Fire Agency,Carlsbad,P202732,,12kV,Conductor,Overhead,Yes,2020-09-17,10:00:00,Equipment/Facility Failure,Other,,,None,,,
23,2020-09-30,10:45.00,33.054689,-116.89133054,Vegetation,Rural,.26 - 9.99 Acres,Fire Agency,Cal Fire,P619632,,Secondary,Conductor,Overhead,Yes,2020-09-30,10:45:00,Equipment/Facility Failure,Conductor,,,Unknown,,,
24,2020-10-14,15:05.00,33.027,-116.889,Vegetation,Urban,Less Than .25 Acres,Fire Agency,CAL FIRE,P612927,telco,12kv,Lightning Arrestor,Overhead,No,1900-01-10,,Equipment/Facility Failure,Lightning Arrestor,,,Unknown,,,
25,2020-10-14,16:51.00,32.865,-116.66,Vegetation,Rural,.26 - 9.99 Acres,Fire Agency,USFS CNF,P257762,,12kV,Lightning Arrestor,Overhead,Yes,2020-10-14,16:55:00,Contact From Object,,Animal,Pole,Outside Force,,,
26,2020-11-11,09:51.00,32.678000000000004,-116.86,Vegetation,Rural,.26 - 9.99 Acres,Fire Agency,CALFIRE,P270154,,12kv,Other,Overhead,Yes,2020-11-11,1902-01-03 00:00:00,Equipment/Facility Failure,Guy/Span Wire,,,Unknown,,,
27,2020-11-30,09:10.00,33.104,-117.12100000000001,Vegetation,Rural,Less Than .25 Acres,Fire Agency,NCFPD,P161627,,12kV,Lightning Arrestor,Overhead,Yes,2020-11-30,09:10:00,Equipment/Facility Failure,Lightning Arrestor,,,Unknown,,,
28,2020-12-03,11:56.00,33.176,-117.1541,Vegetation,Rural,.26 - 9.99 Acres,Fire Agency,NCFPD,P194669,,12kV,Conductor,Overhead,Yes,2020-12-03,11:56:00,Equipment/Facility Failure,Pole,,,Weather,,,
0,2017-01-20,14:00.00,32.627359999999996,-117.076705,Building,Urban,Less Than .25 Acres,Fire Agency,Chula Vista ,,,12kV,Conductor,Overhead,Yes,2017-01-20 00:00:00,1903-11-30 00:00:00,,Conductor,Vegetation,Pole,Weather,Circuit 256 - Pole 250440,Contact From Object,
1,2017-06-08,04:12.00,33.035644,-117.18389099999999,Vegetation,Rural,Less Than .25 Acres,Fire Agency,Rnch Snta Fe,,,12kV,Transformer,Padmounted,Yes,2017-06-08 00:00:00,04:12:00,,Transformer,Vehicle,Electric Facility,Human Error,Circuit 307,Contact From Object,
2,2017-06-12,11:20.00,32.842997,-116.71111,Vegetation,Rural,Less Than .25 Acres,Fire Agency,Viejas Fire Dept,,,12kV,Conductor,Overhead,No,,,,,Other,Electric Facility,Weather,Circuit 1458,Contact From Object,
3,2017-06-19,09:52.00,32.782865,-117.04875600000001,Vegetation,Urban,Less Than .25 Acres,Fire Agency,SDFD,,,12kv,Conductor,Overhead,Yes,2017-06-19 00:00:00,09:50:00,,,Other,Electric Facility,,Ciruit 85,Contact From Object,
4,2017-06-26,14:30.00,32.7842,-117.139073,Vegetation,Urban,Less Than .25 Acres,Fire Agency,SDFD,,,12kV,Switch,Overhead,No,,,,,Balloons,Electric Facility,Other,Circuit 700,Contact From Object,
5,2017-06-29,13:07.00,33.135471,-117.097952,Vegetation,Urban,Less Than .25 Acres,Fire Agency,ESCONDIDO,,,12kV,Lightning Arrestor,Overhead,Yes,2017-06-29 00:00:00,13:07:00,,,Animal,Electric Facility,,Circuit 186,Contact From Object,
6,2017-06-29,14:58.00,32.6933964,-116.855195,Vegetation,Rural,.26 - 9.99 Acres,Fire Agency,CALFIRE,,Communication,12kv,Conductor,Overhead,Yes,2017-06-29 00:00:00,14:58:00,,,Vehicle,Electric Facility,None,Circuit 75,Contact From Object,
7,2017-07-16,11:53.00,32.829,-117.13600000000001,Vegetation,Urban,Less Than .25 Acres,Self Extinguished,,,Communication,12kV,Conductor,Overhead,No,,,,,Balloons,Electric Facility,Other,Cir 777 - Pole Z92709,Contact From Object,
8,2017-07-25,15:18.00,33.134265,-117.16660300000001,Vegetation,Rural,Less Than .25 Acres,Utility,SDGE,,,12kV,Conductor,Overhead,No,,,,,,,Other,P213441/ C596,Vandalism/Theft,
9,2017-07-28,16:31.00,32.780183,-116.872249,Vegetation,Rural,Less Than .25 Acres,Fire Agency,Heartland,,,12kv,Conductor,Overhead,Yes,,16:31:00,,Pole /Conductor,Vehicle,Electric Facility,Outside Force,P78591/ C228,Contact From Object,
10,2017-08-20,22:15.00,32.7522,-117.1184,Vegetation,Urban,Less Than .25 Acres,Fire Agency,SDFD,,,4kV,Fuse,Overhead,Yes,2017-08-20 00:00:00,2017-08-20 00:00:00,,Fuse,,,None,P733937,Equipment/Facility Failure,
11,2017-08-30,14:12.00,33.387516,-117.245943,Vegetation,Urban,Less Than .25 Acres,Fire Agency,,,,12kV,Conductor,Overhead,Yes,8/30/217,14:11:00,,,Balloons,Electric Facility,Other,P214608,Contact From Object,
12,2017-09-05,14:49.00,32.619082,-116.694943,Vegetation,Rural,Less Than .25 Acres,Fire Agency,CALFIRE,,,12kV,Conductor,Overhead,Yes,2017-09-05 00:00:00,14:49:00,,,Vegetation,Electric Facility,Unknown,P175945,Contact From Object,
13,2017-09-26,06:37.00,33.298443,-117.419172,vegetation,Rural,.26 - 9.99 Acres,Fire Agency,CMP FD,,,230kV,Conductor,Overhead,Yes,2017-09-26 00:00:00,06:37:00,,,Balloons,Electric Facility,Other,Z223667 - TL23010,Contact From Object,
14,2017-09-27,14:28.00,33.232655,-116.9748,Vegetation,Rural,.26 - 9.99 Acres,Fire Agency,CALFIRE,,,12kV,Conductor,Overhead,Yes,2017-09-27 00:00:00,12:43:00,,,,,Unknown,Circuit 909 -Z12816 ,Unknown,
15,2017-09-27,16:10.00,32.727191999999995,-116.778791,Vegetation,Rural,Less Than .25 Acres,Customer,,,,12kV,Lightning Arrestor,Overhead,Yes,2017-09-27 00:00:00,15:59:00,,Lightning Arrestor,,,None,P877437,Equipment/Facility Failure,
16,2017-10-07,17:40.00,32.591426,-116.621583,Vegetation,Rural,.26 - 9.99 Acres,Fire Agency,CALFIRE,,Communication,12kV,Conductor,Overhead,No,,,,Conductor,,,Other,P471952,Equipment/Facility Failure,
17,2017-10-16,10:20.00,33.0697,-116.8813,Vegetation,Rural,.26 - 9.99 Acres,Fire Agency,CALFIRE,,,12kV,Conductor,Overhead,No,,,,,,Electric Facility,Other,P112774  /  c236,Contact From Object,
18,2017-10-18,07:20.00,33.99322539999999,-117.12324088,Vegetation,Urban,Less Than .25 Acres,Unknown,,,,12kV,Conductor,Overhead,No,,,,,Vehicle,Pole,Human Error,P10506 Cir 859,Contact From Object,
19,2017-10-22,10:22.00,33.099000000000004,-117.135,Vegetation,Rural,Less Than .25 Acres,Fire Agency,Rnch Snta Fe,,,12kV,Conductor,Overhead,Yes,2017-10-22 00:00:00,10:22:00,,,Other,Electric Facility,Human Error,P250055 Circuit 182,Contact From Object,
20,2017-10-25,13:02.00,33.285684,-117.027534,Vegetation,Rural,Less Than .25 Acres,Fire Agency,CALFIRE,,,12kV,Other,Overhead,No,,,,Other,,,Weather,"P416197, Circuit 908",Equipment/Facility Failure,
21,2017-12-10,02:58.00,33.273868,-116.953675,Vegetation,Rural,.26 - 9.99 Acres,Fire Agency,CALFIRE,,,12kV,Transformer,Overhead,No,,,,Splice/Clamp/Connector,,,None,P813516,Equipment/Facility Failure,
22,2017-12-10,05:26.00,33.28,-116.955,Vegetation,Rural,.26 - 9.99 Acres,Fire Agency,CALFIRE,,,12kV,Conductor,Overhead,Yes,2017-12-10 00:00:00,05:26:00,,,Vegetation,Electric Facility,Weather,P32240,Contact From Object,
23,,,,,,,,,,,,,,,,,,,,,,,,,
24,,,,,,,,,,,,,,,,,,,,,,,,,
25,,,,,,,,,,,,,,,,,,,,,,,,,
26,,,,,,,,,,,,,,,,,,,,,,,,,
27,,,,,,,,,,,,,,,,,,,,,,,,,
28,,,,,,,,,,,,,,,,,,,,,,,,,
29,,,,,,,,,,,,,,,,,,,,,,,,,
30,,,,,,,,,,,,,,,,,,,,Other,,,,,
31,,,,,,,,,,,,,,,,,,,,Other,,,,,
32,,,,,,,,,,,,,,,,,,,,Other,,,,,
33,,,,,,,,,,,,,,,,,,,,Other,,,,,
34,,,,,,,,,,,,,,,,,,,,Other,,,,,
35,,,,,,,,,,,,,,,,,,,,Other,,,,,
36,,,,,,,,,,,,,,,,,,,,Other,,,,,
37,,,,,,,,,,,,,,,,,,,,Other,,,,,
38,,,,,,,,,,,,,,,,,,,,Other,,,,,
39,,,,,,,,,,,,,,,,,,,,Other,,,,,
40,,,,,,,,,,,,,,,,,,,,Other,,,,,
41,,,,,,,,,,,,,,,,,,,,Other,,,,,
42,,,,,,,,,,,,,,,,,,,,Other,,,,,
0,1/3/16,4:30,33.1915,-117.3655,Other,Urban,Less Than .25 Acres,Fire Agency,O'Side FD,,,12kV,Transformer,Padmounted,Yes,1/3/16,4:30,,,Vehicle,Electric Facility,Other,Sta. 580-564,Contact From Object,
1,1/9/16,4:30,33.082,-117.091,Vegetation,Urban,Less Than .25 Acres,Fire Agency,Escondido FD,,,12kV,Conductor,Overhead,Yes,1/9/16,4:30,,,Vegetation,Electric Facility,Weather,P319659,Contact From Object,
2,1/16/16,14:42,32.718764,-116.97455,Vegetation,Urban,Less Than .25 Acres,Fire Agency,SMG/CALFIRE,,,12kV,Conductor,Overhead,Yes,1/16/16,14:42,,Conductor,Balloons,Electric Facility,None,P270861,Equipment/Facility Failure,
3,1/31/16,15:00,33.3217,-117.156,Vegetation,Urban,Less Than .25 Acres,Fire Agency,CALFIRE,,,12kV,Conductor,Overhead,Yes,1/31/16,15:00,,Conductor,Other,Pole,Weather,P714625,Equipment/Facility Failure,
4,2/5/16,9:47,33.0739,-117.0862,Vegetation,Rural,Less Than .25 Acres,Fire Agency,Escondido FD,,,12kV,Other,Overhead,Yes,2/5/16,9:47,,Splice/Clamp/Connector,,,Unknown,P418131,Equipment/Facility Failure,
5,2/12/16,19:30,33.242742,-116.96643799999998,Vegetation,Rural,Less Than .25 Acres,Fire Agency,CALFIRE,,,12kV,Conductor,Overhead,Yes,2/12/16,19:30,,,,,Outside Force,P414015,Vandalism/Theft,
6,2/18/116,0:00,32.7063,-116.397,Vegetation,Rural,Less Than .25 Acres,Utility,,,,12kV,Conductor,Overhead,Yes,2/18/16,6:00,,Conductor,Vehicle,Pole,None,P40825,Equipment/Facility Failure,
7,3/3/16,6:00,32.847243,-116.942031,Vegetation,Urban,Less Than .25 Acres,Fire Agency,Lakeside F.D,,AT&T and Cox,12kV,Conductor,Overhead,Yes,3/3/16,6:30,,,Vehicle,Pole,Human Error,P874898,Contact From Object,
8,3/11/16,11:40,33.156318,-117.215154,Vegetation,Urban,Less Than .25 Acres,Fire Agency,Vista FD,,,12kV,Conductor,Overhead,Yes,3/11/16,11:40,,Conductor,,,Unknown,P615947,Equipment/Facility Failure,
9,4/6/16,10:38,33.18655,-117.196747,Vegetation,Rural,Less Than .25 Acres,Fire Agency,Vista FD,,,12kV,Conductor,Overhead,Yes,4/6/16,10:38,,Conductor,Vegetation,Electric Facility,Human Error,P113372,Contact From Object,
10,4/16/16,Unknown,33.224331,-117.368271,Vegetation,Rural,Less Than .25 Acres,Fire Agency,Unknown,,,12kV,Conductor,Overhead,Yes,4/16/16,,,Conductor,Vegetation,,Weather,"Z29145 (TL 690, C198)",Wind/Equipment/Facility Failure,
11,6/12/16,Unknown,33.094,-117.043,Vegetation,Urban,Less Than .25 Acres,Utility,Utility,,,12kV,Conductor,Overhead,,,,,,Balloons,Electric Facility,None,P712531,Contact from Object,
12,6/14/16,6:05,32.880146,-116.905098,Vegetation,Rural,Less Than .25 Acres,Fire Agency,CALFIRE,,AT&T ,12kV,Conductor,Overhead,Yes,6/14/16,6:05,,,Vehicle,Pole,Outside Force,P370041,Contact From Object,
13,6/23/16,15:00,32.8058,-116.961,Vegetation,Urban,Less Than .25 Acres,Fire Agency,El Cajon FD,,,12kV,Conductor,Overhead,Yes,6/23/16,15:00,,Lightning Arrestor,Animal,Electric Facility,Outside Force,P166454,Contact From Object,
14,6/27/16,15:30,33.283735,-116.617411,Vegetation,Rural,Less Than .25 Acres,Customer,,,,12kV,Other,Overhead,No,,,,Splice/Clamp/Connector,Other,,Human Error,P112086,Equipment/Facility Failure,
15,7/2/16,7:51,32.81,-116.878,Vegetation,Rural,Less Than .25 Acres,Fire Agency,CALFIRE,,,12kV,Capacitor Bank,Overhead,Yes,7/2/16,7:51,,Capacitor Bank,Other,,None,P775960,Equipment/Facility Failure,
16,7/11/16,10:27,33.27186,-117.18256670000001,Vegetation,Urban,Less Than .25 Acres,Customer,CALFIRE,,,12kv,Conductor,Overhead,Yes,7/11/16,10:27,,Other,Other,Electric Facility,,P228931 C 520,Contact From Object,
17,7/11/16,13:19,33.114605,-116.584271,Vegetation,Rural,.26 - 9.99 Acres,Fire Agency,CALFIRE,,None,12kV,Lightning Arrestor,Overhead,Yes,7/11/16,13:19,,Lightning Arrestor,Other,,,P412648 C221,Equipment/Facility Failure,
18,7/22/16,Unknown,33.201456,-116.935199,Vegetation,Rural,Less Than .25 Acres,Utility,,,,25kV,Transformer,Overhead,No,,,,Other,,,Unknown,P212466,Equipment/Facility Failure,
19,7/29/16,10:57,33.070958000000005,-116.74243100000001,Vegetation,Rural,Less Than .25 Acres,Fire Agency,CALFIRE,,,12kv,Conductor,Overhead,Yes,7/29/16,,,Conductor,Other,,,P416995,Equipment/Facility Failure,
20,7/31/16,13:43,33.3663,-117.2033,Vegetation,Rural,Less Than .25 Acres,Fire Agency,Fallbrook Fire,,,12kV,Conductor,Overhead,Yes,7/31/16,13:43,,Recloser,Vegetation,Electric Facility,Unknown,P115869,Contact From Object,
21,8/27/16,12:43,33.137128999999995,-117.07614699999999,Vegetation,Rural,Less Than .25 Acres,Customer,,,,12kV,Conductor,Overhead,Yes,8/27/16,12:43,,Fuse,Balloons,Electric Facility,Unknown,P315560,Contact From Object,
22,9/23/16,11:25,32.738037,-116.733272,Vegetation,Rural,Less Than .25 Acres,Fire Agency,CALFIRE,,,12kV,Transformer,Overhead,Yes,9/23/16,11:25,,Transformer,Other,,None,P101347,Equipment/Facility Failure,
23,9/27/16,unknown,33.296658,-117.20794099999999,Vegetation,Rural,Less Than .25 Acres,Fire Agency,CALFIRE,,,12kV,Fuse,Overhead,No,,,,,,,Unknown,,Contact From Object,
24,9/29/16,,32.741775,-116.96533400000001,Vegetation,Urban,Less Than .25 Acres,Fire Agency,SMG/CALFIRE,,,12kV,Conductor,Overhead,No,,,,,,,Outside Force,P26106,Contact Between Third Party Facility on Pole and Supply Lines,
25,9/29/16,8:14,33.171443,-117.31578300000001,Vegetation,Urban,Less Than .25 Acres,Utility,,,none,230kV,Conductor,Overhead,No,,,,,,,Unknown,Z524971,Unknown,
26,10/8/16,10:53,33.301856,-117.097422,Vegetation,Rural,.26 - 9.99 Acres,Fire Agency,Valley Center,,,230kv,Conductor,Overhead,No,,,,Switch,Other,Electric Facility,Other,Z811329,Contact From Object,
27,10/21/16,11:20,33.0485,-116.8615,Vegetation,Rural,Less Than .25 Acres,Fire Agency,CALFIRE,,,12kV,Conductor,Overhead,No,,,,Transformer,Other,,,P114079,,
28,11/2/16,10:30,32.837264000000005,-116.70215800000001,Vegetation,Rural,Less Than .25 Acres,Utility,,,,12kV,Conductor,Overhead,Yes,11/2/16,10:30,,Splice/Clamp/Connector,Other,,None,P175475,Equipment/Facility Failure,
29,11/12/16,20:30,32.6258333,-116.9375,Vegetation,Rural,Less Than .25 Acres,Fire Agency,Chula Vista Fire,,,12kV,Lightning Arrestor,Overhead,Yes,11/12/16,18:34,,Lightning Arrestor,Other,,,P85952,Equipment/Facility Failure,
30,,,,,,,,,,,,,,,,,,,,Other,,,,,
31,,,,,,,,,,,,,,,,,,,,Other,,,,,
32,,,,,,,,,,,,,,,,,,,,Other,,,,,
33,,,,,,,,,,,,,,,,,,,,Other,,,,,
34,,,,,,,,,,,,,,,,,,,,Other,,,,,
35,,,,,,,,,,,,,,,,,,,,Other,,,,,
36,,,,,,,,,,,,,,,,,,,,Other,,,,,
37,,,,,,,,,,,,,,,,,,,,Other,,,,,
38,,,,,,,,,,,,,,,,,,,,Other,,,,,
39,,,,,,,,,,,,,,,,,,,,Other,,,,,
40,,,,,,,,,,,,,,,,,,,,Other,,,,,
41,,,,,,,,,,,,,,,,,,,,Other,,,,,
42,,,,,,,,,,,,,,,,,,,,Other,,,,,
0,2014-01-01,18:45.00,33.1179,-117.07799999999999,Vegetation,Urban,Less Than .25 Acres,Customer,,P11112,,12kV,Other,Overhead,Yes,2014-01-01,18:45:00,,Splice/Clamp/Connector,Vehicle,Pole,Other,,Equipment/Facility Failure,
1,2014-03-05,09:49.00,33.2038,-117.1142,Vegetation,Rural,.26 - 9.99 Acres,Fire Agency,Cal Fire,P515262,,12kV,Conductor,Overhead,Yes,2014-03-12,09:49:00,,Splice/Clamp/Connector,Other,,,,Equipment/Facility Failure,
2,2014-04-15,06:20.00,32.6778,-117.046,Vegetation,Urban,Less Than .25 Acres,Fire Agency,S.D.F.D.,Z180434,,12kV,Conductor,Overhead,No,,,,Guy/Span Wire,Other,Electric Facility,None,,Equipment/Facility Failure,
3,2014-04-17,16:42.00,33.2203,-117.338,Vegetation,Urban,Less Than .25 Acres,Fire Agency,OFD,TL23010,,230kV,Conductor,Overhead,No,,,,,Vehicle,Electric Facility,Human Error,,Contact From Object,
4,2014-04-27,12:00.00,32.2415,-117.34700000000001,Vegetation,Rural,Less Than .25 Acres,Utility,,"TL 6912, Z122445",none ,69kV,Other,Overhead,No,,,,Other,Vehicle,Pole,None,,Equipment/Facility Failure,
5,2014-04-28,13:30.00,33.2926,-116.948,Vegetation,Rural,Less Than .25 Acres,Fire Agency,CALFIRE,"Circuit 214, P215546",none ,12kV,Conductor,Overhead,Yes,2014-04-28,13:30:00,,Splice/Clamp/Connector,Other,Electric Facility,None,,Equipment/Facility Failure,
6,2014-04-28,16:20.00,33.2887,-116.956,Vegetation,Rural,Less Than .25 Acres,Fire Agency,Cal Fire,P812595,,12kV,Conductor,Overhead,Yes,2014-04-28,16:20:00,,,Vehicle,Pole,Human Error,,Contact From Object,
7,2014-04-29,10:05.00,33.3181,-117.22200000000001,Vegetation,Rural,Less Than .25 Acres,Fire Agency,CALFIRE,"Circuit 233, P213051",none ,12kV,Conductor,Overhead,Yes,2014-04-29,10:05:00,,Conductor,Vehicle,Electric Facility,Outside Force,,Contact From Object,
8,2014-04-29,13:40.00,33.1264,-117.016,Vegetation,Urban,Less Than .25 Acres,Fire Agency,Escondido FD,"Circuit 455, P316707",none ,12kV,Conductor,Overhead,Yes,2014-04-29,13:40:00,,,Vehicle,Pole,Outside Force,,Contact From Object,
9,2014-04-29,16:49.00,32.7186,-117.096,Vegetation,Urban,Less Than .25 Acres,Fire Agency,SD Fire-Rescue,"Circuit 323, P476600",none ,12kV,Conductor,Overhead,Yes,2014-04-29,16:49:00,,,Vegetation,Electric Facility,Weather,,Contact From Object,
10,2014-05-01,06:48.00,32.864000000000004,-116.899,Vegetation,Rural,.26 - 9.99 Acres,Fire Agency,Lakeside FD,"Circuit 242, P372465",AT&T,12kV,Conductor,Overhead,Yes,2014-05-01,06:48:00,,,Other,Electric Facility,Weather,,Contact Between Third Party Facility on Pole and Supply Lines,
11,2014-05-13,09:00.00,32.6405,-116.772,Vegetation,Rural,.26 - 9.99 Acres,Fire Agency,CAL FIRE,P177622,,12kV,Conductor,Overhead,No,,,,,Other,Electric Facility,Weather,,Wire-Wire Contact,
12,2014-05-13,08:35.00,32.7543,-116.77799999999999,Vegetation,Rural,Less Than .25 Acres,Fire Agency,CAL FIRE,P274777,,240V,Conductor,Overhead,No,,,,Conductor,Vegetation,Electric Facility,Other,,Contact From Object,
13,2014-05-19,18:30.00,33.1073,-117.164,Vegetation,Urban,.26 - 9.99 Acres,Fire Agency,Cal Fire,P211709,AT&T,12kV,Conductor,Overhead,Yes,2014-05-19,18:30:00,,,Vehicle,Electric Facility,Human Error,,Contact From Object,
14,2014-05-28,15:50.00,32.9808,-117.2462,Vegetation,Rural,Less Than .25 Acres,Fire Agency,Cal Fire,P313226,,12kV,Conductor,Overhead,No,,,,Other,Vehicle,Pole,,,Contact From Object,
15,2014-05-31,11:30.00,33.3146,-116.8661,Vegetation,Rural,.26 - 9.99 Acres,Fire Agency,Cal Fire,P219919,,12kV,Conductor,Overhead,Yes,2014-05-31,11:30:00,,Crossarm,Other,Electric Facility,Human Error,,Contact From Object,
16,2014-06-04,09:30.00,33.0191,-116.82799999999999,Vegetation,Rural,Less Than .25 Acres,Fire Agency,CALFIRE,"TL 637,Circuit 970, Z416592",none ,69kV,Conductor,Overhead,Yes,2014-06-14,09:30:00,,,Other,Electric Facility,Human Error,,Contact From Object,
17,2014-06-17,15:30.00,32.564,-117.03200000000001,Vegetation,Rural,Less Than .25 Acres,Fire Agency,SDFD,P192047,,12kV,Switch,Overhead,Yes,2014-06-17,15:30:00,,Switch,Other,Electric Facility,None,,Equipment/Facility Failure,
18,2014-07-04,12:00.00,32.7563,-116.926,Vegetation,Urban,Less Than .25 Acres,Fire Agency,CALFIRE,"Circuit 96, P471597",none ,12kV,Conductor,Overhead,no,,,,Capacitor Bank,Vegetation,Electric Facility,None,,Contact From Object,
19,2014-07-06,11:14.00,33.0283,-116.926,Vegetation,Rural,Less Than .25 Acres,Fire Agency,CALFIRE,"Circuit 972, P319081",none ,12kV,Conductor,Overhead,Yes,2014-07-06,11:14 a.m.,,Conductor,Animal,Electric Facility,None,,Contact From Object,
20,2014-07-22,10:25.00,32.7899,116.8455,Vegetation,Rural,Less Than .25 Acres,Fire Agency,Cal Fire,P276288,AT&T,12kV,Conductor,Overhead,No,,,,Recloser,Vehicle,Electric Facility,Outside Force,,Contact From Object,
21,2014-08-28,09:30.00,33.0191,-116.8281,Vegetation,Rural,Less Than .25 Acres,Fire Agency,CALFIRE,Z416585,,12kV,Conductor,Overhead,No,,,,,Other,Electric Facility,Human Error,,Contact From Object,
22,2014-09-02,11:15.00,33.15272,-117.16078,Vegetation,Rural,Less Than .25 Acres,Fire Agency,San Marcos,P219744,none ,12kV,Fuse,Overhead,Yes,2014-09-02,11:15:00,,Transformer,Balloons,Pole,Outside Force,,Contact From Object,
23,2014-09-11,11:56.00,33.2769,-117.1345,Vegetation,Rural,Less Than .25 Acres,Fire Agency,CALFIRE,P619040,none ,12kV,Transformer,Overhead,yes,2014-09-11,11:56:00,,Transformer,Other,,None,,Equipment/Facility Failure,
24,2014-09-13,20:30.00,32.7211,-116.7801,Vegetation,Rural,.26 - 9.99 Acres,Fire Agency,Cal Fire,"Cir 157, P106190",,12kV,Conductor,Overhead,Yes,2014-09-13,20:00:00,,,Vegetation,,Unknown,,Unknown,
25,2014-09-15,12:53.00,32.736,-117.0137,Vegetation,Urban,Less Than .25 Acres,Fire Agency,San Miguel FD,"Cir 162, P161277",,240V,Conductor,Overhead,Yes,2014-09-15,12:53:00,,Conductor,Vegetation,Electric Facility,Other,,Contact From Object,
26,2014-09-24,19:45.00,33.0513,-116.8479,Vegetation,Rural,Less Than .25 Acres,Fire Agency,CALFIRE,Cir. RA1 P169791,,4kV,Conductor,Overhead,Yes,2012-09-24,19:45:00,,,Animal,Electric Facility,Outside Force,,Contact From Object,
27,2014-10-07,13:38.00,33.03898,-117.1705,Vegetation,Rural,.26 - 9.99 Acres,Fire Agency,CALFIRE,Z519759,,240kV,Conductor,Overhead,Yes,2014-10-07,13:42:00,,,Other,Electric Facility,Outside Force,,Contact From Object,
28,2014-10-11,04:00.00,32.946,-116.8466,Vegetation,Rural,Less Than .25 Acres,Fire Agency,CALFIRE,P972639,,12kV,Conductor,Overhead,Yes,2014-10-11,04:00:00,,,Other,Electric Facility,Outside Force,,Contact From Object,
29,2014-11-19,09:30.00,32.8421,-116.8805,Vegetation,Rural,.26 - 9.99 Acres,Fire Agency,CALFIRE,Cir. 246 P272232,none ,12kV,Conductor,Overhead,Yes,2014-11-19,18:00:00,,,Other,Pole,Outside Force,,Contact From Object,
30,,,,,,,,,,,,,,,,,,,,Other,,,,,
31,,,,,,,,,,,,,,,,,,,,Other,,,,,
32,,,,,,,,,,,,,,,,,,,,Other,,,,,
33,,,,,,,,,,,,,,,,,,,,Other,,,,,
34,,,,,,,,,,,,,,,,,,,,Other,,,,,
35,,,,,,,,,,,,,,,,,,,,Other,,,,,
36,,,,,,,,,,,,,,,,,,,,Other,,,,,
0,2015-02-07,13:36.00,32.9021,-117.0137,Vegetation,Rural,Less Than .25 Acres,Utility,,TL23041,none,230Kv,Conductor,Overhead,Yes,2015-02-07,13:36:00,,,Animal,Electric Facility,Unknown,,Contact From Object,
1,2015-02-11,15:30.00,32.8941,-116.9393,Vegetation,Rural,Less Than .25 Acres,Fire Agency,Lakeside Fire,Service span off 237657,,12kV,Conductor,Overhead,,,,,,Vegetation,Electric Facility,Weather,,Contact From Object,
2,2015-03-19,23:50.00,33.032378,-117.0159,Vegetation,Rural,Less Than .25 Acres,Fire Agency,S.D. City,P719156,,12kV,Conductor,Overhead,Yes,2015-03-19,23:50:00,,,Vehicle,Pole,Human Error,,Contact From Object,
3,2015-04-09,17:23.00,32.7233,-116.8922,Vegetation,Rural,.26 - 9.99 Acres,Fire Agency,CAL FIRE,P171928,,12kV,Other,Overhead,No,,,,,Other,Electric Facility,,,Unknown,
4,2015-04-12,12:31.00,33.0117,-116.866,Vegetation,Rural,.26 - 9.99 Acres,Fire Agency,CAL FIRE,P214319,,12kV,Conductor,Overhead,Yes,2015-04-12,12:30:00,,,Other,Electric Facility,,,Contact From Object,
5,2015-04-12,14:30.00,32.7523,-117.3257,Vegetation,Rural,100 - 299 Acres,Fire Agency,Pendleton,P164638,,12kV,Lightning Arrestor,Overhead,No,,,,,Vehicle,Pole,,,,
6,2015-04-13,10:50.00,32.5859,-117.0017,Vegetation,Rural,.26 - 9.99 Acres,Fire Agency,Chula Vista,P81123,,12kV,Conductor,Overhead,Yes,2015-04-13,10:50:00,,,Vehicle,Electric Facility,Human Error,,Contact From Object,
7,2015-04-18,12:00.00,32.7764,-116.9309,Vegetation,Rural,Less Than .25 Acres,Fire Agency,CAL FIRE,P677849,,220v,Conductor,Overhead,No,,,,Capacitor Bank,Vegetation,Electric Facility,None,,Contact From Object,
8,2015-04-28,13:30.00,32.8917,-116.8419,Vegetation,Rural,Less Than .25 Acres,Customer,,P176657,none,12kV,Conductor,Overhead,Yes,2015-04-28,13:30:00,,Conductor,Vehicle,Electric Facility,Human Error,,Contact From Object,
9,2015-04-29,12:00.00,32.6061,-116.69604,Vegetation,Rural,Less Than .25 Acres,Fire Agency,CAL FIRE,P175961,none,12kV,Conductor,Overhead,Yes,2015-04-29,12:00:00,,Splice/Clamp/Connector,Vegetation,,Unknown,,Equipment/Facility Failure,
10,2015-05-17,06:55.00,33.1808,-117.2064,Vegetation,Rural,Less Than .25 Acres,Self Extinguished,,P15839,,12kV,Conductor,Overhead,Yes,2015-05-17,07:06:00,,Insulator,Other,Electric Facility,,,Contact From Object,
11,2015-05-28,12:45.00,32.7265,-116.9922,Vegetation,Rural,Less Than .25 Acres,Self Extinguished,,P196508,,12kV,Conductor,Overhead,Yes,2015-05-28,12:45:00,,Lightning Arrestor,Balloons,Electric Facility,None,,Contact From Object,
12,2015-06-09,05:50.00,32.9003,-117.2309,Vegetation,Urban,Less Than .25 Acres,Fire Agency,S.D. City,Z63404,,69kV,Conductor,Overhead,Yes,2015-06-09,05:45:00,,Pole,Animal,Electric Facility,Outside Force,,Contact From Object,
13,2015-07-07,15:00.00,32.7443,-117.0498,Vegetation,Urban,Less Than .25 Acres,Utility,,Z371043 Cir. 160,,12kV,Conductor,Overhead,Yes,2015-07-07,13:00:00,,Guy/Span Wire,Other,Electric Facility,Human Error,,Contact From Object,
14,2015-07-13,23:45.00,32.76297,-116.89948999999999,Vegetation,Rural,Less Than .25 Acres,Self Extinguished,,Z971870 Cir 23041,,230kV,Conductor,Overhead,No,,,,Other,Balloons,Electric Facility,Outside Force,,Contact From Object,
15,2015-07-17,09:48.00,33.175042,-117.0125,Vegetation,Rural,Less Than .25 Acres,Fire Agency,CAL FIRE,P213348,,12kV,Conductor,Overhead,No,,,,Protective Relay,Vegetation,Communication Facility,Human Error,,Contact From Object,
16,2015-07-27,14:30.00,33.0665,-116.579,Vegetation,Rural,Less Than .25 Acres,Fire Agency,CAL FIRE,P212006,,12kV,Conductor,Overhead,Yes,2015-07-27,14:30:00,,Crossarm,Vegetation,Electric Facility,None,,Contact From Object,
17,2015-08-08,10:00.00,33.1973,-117.2308,Vegetation,Urban,Less Than .25 Acres,Customer,,P17530J,,4kV,Conductor,Overhead,Yes,2015-08-08,10:00:00,,,Balloons,Electric Facility,None,,Contact From Object,
18,2015-08-13,20:33.00,33.245709999999995,-116.6769,Vegetation,Rural,Less Than .25 Acres,Fire Agency,CAL FIRE,P19586,,12Kv,Conductor,Overhead,Yes,2015-08-13,20:33:00,,Conductor,,,Unknown,,Unknown,
19,2015-08-15,17:30.00,32.74172,-116.9685,Other,Urban,Less Than .25 Acres,Customer,,P273868,,4Kv,Other,Overhead,No,,,,Splice/Clamp/Connector,Other,,None,,Equipment/Facility Failure,
20,2015-08-23,15:00.00,32.272909999999996,-117.1521,Vegetation,Rural,.26 - 9.99 Acres,Fire Agency,CAL FIRE,P415300,,12kV,Conductor,Overhead,Yes,2015-08-23,15:00:00,,,Vegetation,Electric Facility,Weather,,Contact From Object,
21,2015-09-01,08:50.00,32.669000000000004,-116.286,Vegetation,Rural,Less Than .25 Acres,Utility,,P41145 cir. 445,,12kV,Conductor,Overhead,Yes,2015-09-01,08:50:00,,Conductor,,,None,,Equipment/Facility Failure,
22,2015-09-01,18:01.00,32.7595,-117.0671,Vegetation,Urban,Less Than .25 Acres,Self Extinguished,,P270259 cir. RD4,,4kV,Conductor,Overhead,No,,,,,Vehicle,Electric Facility,Human Error,,Contact From Object,
23,2015-09-02,18:18.00,33.1867,-117.20200000000001,Vegetation,Urban,Less Than .25 Acres,Self Extinguished,,P111781 cir. 859,,12kV,Conductor,Overhead,Yes,2015-09-01,18:11:00,,,Vehicle,Electric Facility,Human Error,,Contact From Object,
24,2015-09-08,11:45.00,33.0726,-116.74355,Vegetation,Rural,Less Than .25 Acres,Utility,CAL FIRE,P416995 cir 222,none,12Kv,Switch,Overhead,Yes,2015-09-08,11:45:00,,Switch,,,None,,Equipment/Facility Failure,
25,2015-09-09,20:40.00,32.64396,-117.072,Vegetation,Urban,Less Than .25 Acres,Utility,Chula Vista,P89691 - cir 255,none,12Kv,Conductor,Overhead,Yes,2015-09-09,20:40:00,,Conductor,Other,,Unknown,,Equipment/Facility Failure,
26,2015-09-17,08:09.36,32.679142,-117.104441,Vegetation,Urban,Less Than .25 Acres,Fire Agency,National City,P835456,none,12kV,Conductor,Overhead,Yes,2015-09-17,19:55:00,,Transformer,,,None,,Equipment/Facility Failure,
27,2015-10-02,14:30.00,33.1354,-117.05883999999999,Vegetation,Urban,Less Than .25 Acres,Customer,,P510149,,12kV,Conductor,Overhead,Yes,2015-10-02,14:30:00,,Splice/Clamp/Connector,Other,,Unknown,,Equipment/Facility Failure,
28,2015-10-08,13:47.00,32.5818,-116.9449,Vegetation,Rural,Less Than .25 Acres,Fire Agency, CAL FIRE,Z31746,,69kV,Conductor,Overhead,No,,,,Splice/Clamp/Connector,Other,,unknown,,Equipment/Facility Failure,
29,2015-10-09,16:00.00,32.7705,-117.1095,Other,Urban,Less Than .25 Acres,Fire Agency,SDFD,P931883,telco,4kV,Conductor,Overhead,Yes,2015-10-09,16:26:00,,Conductor,,,Unknown,,Equipment/Facility Failure,
30,2015-10-31,13:04:00 PM,33.339166999999996,-117.49475,Vegetation,Rural,.26 - 9.99 Acres,Fire Agency,Pendleton,Z223694,,230V,Conductor,Overhead,No,2015-10-31,12:23:00,,,Animal,Electric Facility,Outside Force,,Contact From Object,
31,2015-12-26,03:04.00,33.1323,-117.0695,Vegetation,Urban,Less Than .25 Acres,Fire Agency,Escondido,P218563,,12kV,Conductor,Overhead,Yes,2015-12-26,03:04:00,,,Vegetation,Electric Facility,Weather,,Contact From Object,
32,,,,,,,,,,,,,,,,,,,,Other,,,,,
33,,,,,,,,,,,,,,,,,,,,Other,,,,,
34,,,,,,,,,,,,,,,,,,,,Other,,,,,
35,,,,,,,,,,,,,,,,,,,,Other,,,,,
36,,,,,,,,,,,,,,,,,,,,Other,,,,,
